0.1;-1;512;0.5;128;0.5;0;0
0.11984;-1;512;0.5;128;0.5;0;0
0.139679;-1;512;0.5;128;0.5;0;0
0.159519;-1;512;0.5;128;0.5;0;0
0.179359;-1;512;0.5;128;0.5;0;0
0.199198;-1;512;0.5;128;0.5;0;0
0.219038;-1;512;0.5;128;0.5;0;0
0.238878;-1;512;0.5;128;0.5;0;0
0.258717;-1;512;0.5;128;0.5;0;0
0.278557;-1;512;0.5;128;0.5;0;0
0.298397;-1;512;0.5;128;0.5;0;0
0.318236;-1;512;0.5;128;0.5;0;0
0.338076;-1;512;0.5;128;0.5;0;0
0.357916;-1;512;0.5;128;0.5;0;0
0.377756;-1;512;0.5;128;0.5;0;0
0.397595;-1;512;0.5;128;0.5;0;0
0.417435;-1;512;0.5;128;0.5;0;0
0.437275;-1;512;0.5;128;0.5;0;0
0.457114;-1;512;0.5;128;0.5;0;0
0.476954;-1;512;0.5;128;0.5;0;0
0.496794;-1;512;0.5;128;0.5;0;0
0.516633;-1;512;0.5;128;0.5;0;0
0.536473;-1;512;0.5;128;0.5;0;0
0.556313;-1;512;0.5;128;0.5;0;0
0.576152;-1;512;0.5;128;0.5;0;0
0.595992;-1;512;0.5;128;0.5;0;0
0.615832;-1;512;0.5;128;0.5;0;0
0.635671;-1;512;0.5;128;0.5;0;0
0.655511;-0.999922;511.92;0.49998;127.99;0.49998;0.00145109;5.94503e-05
0.675351;-1;512;0.5;128;0.5;0;0
0.69519;-1;512;0.5;128;0.5;0;0
0.71503;-0.999929;511.927;0.499982;127.991;0.499982;0.00111302;4.97402e-05
0.73487;-0.999955;511.954;0.499989;127.994;0.499989;0.000661637;3.03886e-05
0.754709;-0.999892;511.89;0.499973;127.986;0.499973;0.00150525;7.10017e-05
0.774549;-0.999831;511.828;0.499958;127.978;0.499958;0.00314535;0.000152264
0.794389;-0.999889;511.887;0.499972;127.986;0.499972;0.0014029;6.96531e-05
0.814228;-0.999962;511.962;0.499991;127.995;0.499991;0.000453926;2.31e-05
0.834068;-0.999811;511.808;0.499953;127.976;0.499953;0.00214201;0.000111661
0.853908;-0.999507;511.499;0.499877;127.937;0.499877;0.00523745;0.000279519
0.873747;-0.999828;511.826;0.499957;127.978;0.499957;0.00177912;9.71566e-05
0.893587;-0.999318;511.307;0.499829;127.913;0.499829;0.00653535;0.000364994
0.913427;-0.999223;511.211;0.499802;127.899;0.499802;0.00765366;0.000463951
0.933267;-0.999138;511.126;0.499783;127.89;0.499783;0.0094894;0.00056221
0.953106;-0.99949;511.481;0.499872;127.935;0.499872;0.00434819;0.000259018
0.972946;-0.999254;511.243;0.499813;127.905;0.499813;0.00633129;0.000387005
0.992786;-0.998629;510.609;0.49965;127.821;0.49965;0.0120669;0.000808799
1.01263;-0.998524;510.501;0.499631;127.812;0.499631;0.0114802;0.000728447
1.03246;-0.998027;509.998;0.499496;127.743;0.499496;0.0150571;0.00103791
1.0523;-0.997247;509.208;0.499284;127.635;0.499284;0.0211097;0.00160134
1.07214;-0.996663;508.614;0.499156;127.57;0.499156;0.0220668;0.00153536
1.09198;-0.997504;509.468;0.499323;127.655;0.499323;0.0176807;0.00158191
1.11182;-0.997304;509.266;0.499299;127.643;0.499299;0.0183677;0.00143903
1.13166;-0.997118;509.078;0.499234;127.61;0.499234;0.0191758;0.00171424
1.1515;-0.995939;507.882;0.498949;127.465;0.498949;0.0246347;0.00197869
1.17134;-0.995278;507.225;0.498779;127.379;0.498779;0.035609;0.00291712
1.19118;-0.994217;506.14;0.498523;127.248;0.498523;0.0312468;0.00250474
1.21102;-0.994096;506.018;0.498436;127.204;0.498436;0.031328;0.00288656
1.23086;-0.993761;505.682;0.498392;127.182;0.498392;0.0337195;0.00284454
1.2507;-0.992972;504.886;0.498165;127.066;0.498165;0.0365148;0.00327847
1.27054;-0.992805;504.724;0.49811;127.039;0.49811;0.0404962;0.00378679
1.29038;-0.991256;503.16;0.497703;126.832;0.497703;0.0452093;0.00435398
1.31022;-0.991569;503.467;0.497768;126.864;0.497768;0.0372014;0.00369348
1.33006;-0.987656;499.545;0.496706;126.328;0.496706;0.0607325;0.00641949
1.3499;-0.986799;498.677;0.496492;126.219;0.496492;0.0576746;0.00613689
1.36974;-0.986516;498.404;0.496396;126.171;0.496396;0.062922;0.00679512
1.38958;-0.984698;496.593;0.495886;125.914;0.495886;0.0738948;0.00817313
1.40942;-0.983706;495.6;0.495601;125.77;0.495601;0.0753205;0.00872246
1.42926;-0.981731;493.618;0.494974;125.454;0.494974;0.0757011;0.00999655
1.4491;-0.980437;492.345;0.494665;125.299;0.494665;0.0864823;0.0110402
1.46894;-0.979143;491.049;0.494241;125.086;0.494241;0.0855015;0.0121036
1.48878;-0.975874;487.813;0.493336;124.631;0.493336;0.0995698;0.0135108
1.50862;-0.975099;487.04;0.493147;124.534;0.493147;0.0971458;0.0127956
1.52846;-0.972961;484.926;0.492525;124.224;0.492525;0.102708;0.0144967
1.5483;-0.96718;479.212;0.490914;123.415;0.490914;0.111903;0.0160853
1.56814;-0.967578;479.643;0.490809;123.368;0.490809;0.12401;0.0198052
1.58798;-0.965285;477.395;0.490164;123.047;0.490164;0.129461;0.0209174
1.60782;-0.962632;474.809;0.489338;122.636;0.489338;0.138813;0.0227201
1.62766;-0.958668;470.943;0.488109;122.026;0.488109;0.148089;0.0257518
1.64749;-0.95842;470.681;0.488034;121.988;0.488034;0.137562;0.0248423
1.66733;-0.954854;467.263;0.486919;121.441;0.486919;0.161532;0.0306719
1.68717;-0.951451;463.954;0.485928;120.947;0.485928;0.161828;0.0299595
1.70701;-0.948185;460.784;0.484816;120.397;0.484816;0.160695;0.0311015
1.72685;-0.946044;458.754;0.484201;120.097;0.484201;0.172377;0.0336127
1.74669;-0.939553;452.576;0.481949;118.997;0.481949;0.197608;0.0417252
1.76653;-0.937028;450.162;0.481009;118.544;0.481009;0.196899;0.0470011
1.78637;-0.93321;446.556;0.479379;117.761;0.479379;0.208517;0.0566342
1.80621;-0.930096;443.588;0.47877;117.449;0.47877;0.204666;0.0485629
1.82605;-0.922584;436.616;0.475965;116.119;0.475965;0.24648;0.0707617
1.84589;-0.921968;436.025;0.475741;116.014;0.475741;0.238245;0.0721369
1.86573;-0.91451;429.065;0.473152;114.752;0.473152;0.248399;0.0690473
1.88557;-0.907411;422.563;0.469709;113.148;0.469709;0.277031;0.0995516
1.90541;-0.903251;418.675;0.46908;112.813;0.46908;0.262832;0.0809368
1.92525;-0.897648;413.727;0.466079;111.474;0.466079;0.316102;0.130998
1.94509;-0.888289;405.252;0.462279;109.683;0.462279;0.33168;0.137734
1.96493;-0.882393;399.999;0.459696;108.493;0.459696;0.348733;0.150944
1.98477;-0.873887;392.413;0.45577;106.708;0.45577;0.357751;0.177398
2.00461;-0.881741;399.55;0.460732;108.958;0.460732;0.369979;0.136672
2.02445;-0.863737;383.526;0.451793;104.926;0.451793;0.378679;0.206465
2.04429;-0.852371;373.926;0.441739;101.216;0.44174;0.464042;0.639664
2.06413;-0.839428;363.161;0.428726;97.4175;0.430108;0.560017;1.60314
2.08397;-0.841985;364.883;0.440252;99.9779;0.440252;0.438915;0.355555
2.10381;-0.828142;353.261;0.432645;96.7533;0.432645;0.479406;0.435455
2.12365;-0.822429;348.689;-0.116041;94.9915;0.426436;0.527326;41.4839
2.14349;-0.808138;336.815;-0.420024;91.6195;0.420024;0.529687;0.602828
2.16333;-0.795458;326.587;-0.401012;88.2674;0.41073;0.559266;2.7423
2.18317;-0.782791;317.011;-0.179895;84.411;0.399112;0.687536;31.0748
2.20301;-0.76553;303.651;-0.385586;80.9757;0.388429;0.741844;2.20306
2.22285;-0.766056;303.478;-0.183785;81.9997;0.394361;0.610325;29.1095
2.24269;-0.739702;284.015;-0.0686742;73.2638;0.366374;0.769426;31.5912
2.26253;-0.732401;277.953;0.218281;73.2749;0.371426;0.646709;21.6041
2.28236;-0.732855;277.769;0.369156;71.8653;0.369156;0.534914;0.916503
2.3022;-0.700766;255.282;0.104386;63.117;0.338365;0.726906;24.9926
2.32204;-0.687182;245.957;0.193393;58.4995;0.320784;0.775313;16.9464
2.34188;-0.67809;239.476;0.135083;57.0238;0.315342;0.739516;20.3602
2.36172;-0.654158;223.395;0.0216817;48.2045;0.281821;0.770612;20.3088
2.38156;-0.635504;211.051;0.0234869;43.6728;0.264331;0.753144;18.2193
2.4014;-0.621459;201.802;-0.109827;39.1766;0.246551;0.704431;13.7423
2.42124;-0.613853;196.964;0.0239016;36.3039;0.234532;0.688143;14.8731
2.44108;-0.598016;187.031;-0.0792824;33.9779;0.227917;0.659217;12.6008
2.46092;-0.593681;184.142;-0.0743698;33.593;0.229325;0.608288;12.4999
2.48076;-0.568711;168.663;-0.0203184;25.4378;0.193239;0.498095;10.1688
2.5006;-0.555624;161.244;0.0168448;22.7569;0.181187;0.50856;9.04247
2.52044;-0.547362;156.599;0.0128089;21.739;0.174142;0.503836;8.59176
2.54028;-0.544543;154.591;-0.0103259;22.0086;0.180519;0.429113;8.64236
2.56012;-0.538914;151.635;-0.011579;22.6042;0.181691;0.447934;8.80253
2.57996;-0.533927;149.01;-0.0312421;21.5271;0.174931;0.458163;8.15027
2.5998;-0.515737;138.773;0.00960093;16.9343;0.153698;0.382999;6.49556
2.61964;-0.514557;138.176;0.011456;16.514;0.152206;0.380972;6.27829
2.63948;-0.483115;122.039;0.060058;11.6329;0.123412;0.364285;3.70759
2.65932;-0.495074;127.951;-0.00589938;12.8042;0.128586;0.347924;4.80813
2.67916;-0.487805;124.112;0.0257475;12.1894;0.12703;0.317647;4.42303
2.699;-0.482711;121.568;0.0217626;11.4002;0.122185;0.311159;4.13401
2.71884;-0.477338;119.015;-0.0164927;11.1221;0.120909;0.318619;4.03954
2.73868;-0.469439;115.113;-0.0129911;10.2791;0.115205;0.30433;3.72177
2.75852;-0.465835;113.275;0.00392804;9.71749;0.112161;0.285129;3.51986
2.77836;-0.460021;110.424;-0.0109493;8.83693;0.106509;0.268757;3.15854
2.7982;-0.455426;108.376;-0.0234678;9.03617;0.10807;0.278493;3.12851
2.81804;-0.448029;104.796;-0.0225752;8.3312;0.102982;0.2547;2.86379
2.83788;-0.446586;104.219;0.0019443;8.66441;0.105788;0.261588;3.05245
2.85772;-0.441571;101.838;-0.0092219;8.42253;0.105798;0.245673;2.93206
2.87756;-0.435305;98.892;-0.0145223;7.5981;0.0986875;0.226187;2.60294
2.89739;-0.428711;96.0668;0.0083558;7.38519;0.0971664;0.234014;2.53657
2.91723;-0.428261;95.8041;-0.0055743;7.13558;0.0968136;0.223219;2.44056
2.93707;-0.424552;94.2027;0.00191737;6.60415;0.0927459;0.222277;2.24791
2.95691;-0.419338;91.8796;-0.00712816;7.00623;0.0948175;0.211305;2.36064
2.97675;-0.416197;90.5063;-0.00139129;6.55128;0.0915476;0.205119;2.20048
2.99659;-0.410248;87.9967;0.00664927;6.19813;0.089904;0.203262;2.06084
3.01643;-0.407867;87.0638;-0.00513613;5.81543;0.0859034;0.207712;1.92344
3.03627;-0.399893;83.616;-0.00894659;5.15179;0.0806605;0.188711;1.68325
3.05611;-0.395321;81.7094;-0.00839117;4.69758;0.076787;0.181472;1.52531
3.07595;-0.394178;81.3198;-0.0081883;5.06636;0.0804093;0.186786;1.63593
3.09579;-0.389452;79.3162;0.0119561;4.61488;0.076774;0.173187;1.46705
3.11563;-0.388027;78.787;0.00398997;4.92332;0.079647;0.174894;1.57758
3.13547;-0.38373;77.0409;0.00646889;4.57509;0.0762444;0.167806;1.45231
3.15531;-0.380744;75.9105;-0.00405931;4.68066;0.077157;0.169542;1.48075
3.17515;-0.376594;74.2797;0.004725;4.21814;0.0725937;0.165279;1.32489
3.19499;-0.371966;72.5792;0.00199501;4.43231;0.0736336;0.170426;1.38663
3.21483;-0.371264;72.2642;-0.000454997;4.02445;0.0709367;0.163693;1.25181
3.23467;-0.367689;70.8189;0.00243172;3.92421;0.0706556;0.15281;1.21224
3.25451;-0.366553;70.4299;-0.00304604;4.26123;0.0741703;0.154547;1.30787
3.27435;-0.361012;68.2786;0.0042702;3.8006;0.0688198;0.144556;1.15787
3.29419;-0.356866;66.8404;0.00352175;3.87275;0.069879;0.150718;1.1737
3.31403;-0.354498;65.9089;-0.00530573;3.63291;0.0676646;0.142641;1.09187
3.33387;-0.349496;64.1258;0.00098335;3.59811;0.06815;0.142724;1.07911
3.35371;-0.348651;63.8013;-0.000763462;3.41148;0.0652717;0.139049;1.01714
3.37355;-0.345426;62.6736;-0.00266116;3.68204;0.0683595;0.13904;1.09037
3.39339;-0.344061;62.2571;-0.000454894;3.33678;0.064374;0.143069;0.983286
3.41323;-0.339099;60.4291;0.00238104;3.37929;0.0650558;0.133482;0.989208
3.43307;-0.336948;59.7554;0.00832896;3.38025;0.0646116;0.13795;0.974269
3.45291;-0.333596;58.4724;0.00112963;2.94364;0.0610976;0.125292;0.852321
3.47275;-0.335376;59.1394;0.000910159;3.19488;0.0636889;0.128627;0.919864
3.49259;-0.332115;58;0.000365678;3.19407;0.0632077;0.125118;0.914511
3.51242;-0.328012;56.6039;-0.00230204;3.07685;0.0613017;0.122963;0.875217
3.53226;-0.325838;55.8443;-0.00178837;2.93972;0.0605406;0.11903;0.831785
3.5521;-0.324206;55.2968;-0.00188487;2.88632;0.0603825;0.11735;0.812053
3.57194;-0.32102;54.2295;-0.00614176;2.83529;0.0597932;0.1149;0.78836
3.59178;-0.317948;53.2435;0.00211253;2.79207;0.0594624;0.115104;0.776714
3.61162;-0.318799;53.4358;0.00194823;2.90286;0.0606569;0.107321;0.803217
3.63146;-0.315083;52.2993;-0.000439122;2.68402;0.0578719;0.111403;0.739074
3.6513;-0.311785;51.2843;0.00201292;2.63206;0.0574119;0.113475;0.720286
3.67114;-0.30741;49.813;-0.00176622;2.51655;0.0560745;0.10598;0.685059
3.69098;-0.309219;50.441;-0.00238542;2.69851;0.0584679;0.109033;0.730319
3.71082;-0.306105;49.4244;-0.00177703;2.63819;0.0571905;0.105281;0.710511
3.73066;-0.302236;48.1688;0.00246532;2.35379;0.0540486;0.100536;0.630097
3.7505;-0.299143;47.2393;0.000114109;2.46744;0.0556648;0.101109;0.657893
3.77034;-0.29977;47.4201;0.00131125;2.5511;0.0565157;0.0992458;0.67639
3.79018;-0.297204;46.6305;-0.000342203;2.3533;0.0544205;0.0978351;0.620878
3.81002;-0.29529;46.0383;-0.00458553;2.29985;0.0536555;0.0960272;0.600805
3.82986;-0.293576;45.4926;0.00193267;2.43251;0.0549379;0.0930568;0.634645
3.8497;-0.291266;44.8358;0.000395191;2.3763;0.0549235;0.0944612;0.617248
3.86954;-0.289718;44.3696;0.00145031;2.24914;0.0531538;0.093103;0.580964
3.88938;-0.287672;43.7669;-0.000441941;2.20428;0.0523293;0.0923044;0.566717
3.90922;-0.286598;43.4445;-0.00342418;2.15763;0.0520725;0.0909322;0.550397
3.92906;-0.285381;43.0965;-0.00341838;2.24322;0.0531179;0.0905671;0.569409
3.9489;-0.28141;41.9224;-0.000187191;2.27822;0.0535225;0.0882598;0.576921
3.96874;-0.281052;41.814;-0.000504625;2.19909;0.0528513;0.0870426;0.554071
3.98858;-0.279307;41.3001;0.00144964;2.1449;0.0515808;0.0853523;0.537491
4.00842;-0.279094;41.2453;-0.00386454;2.13856;0.051829;0.0848864;0.531609
4.02826;-0.275739;40.2692;-0.000386022;2.10835;0.0511509;0.0826371;0.523371
4.0481;-0.273698;39.7601;0.00342167;2.35662;0.0546221;0.0857914;0.580673
4.06794;-0.272444;39.3629;-0.000639284;2.06554;0.0507942;0.0821443;0.507711
4.08778;-0.272159;39.2939;-0.000804569;2.04114;0.0502409;0.0819655;0.499248
4.10762;-0.269491;38.5096;-0.000324259;2.04149;0.0501214;0.0785465;0.496988
4.12745;-0.267545;37.9986;0.00151842;1.92384;0.0488163;0.0792136;0.465821
4.14729;-0.266522;37.6829;0.00220472;1.91508;0.0489322;0.0763718;0.461166
4.16713;-0.26362;36.9104;-0.0022905;1.94517;0.0493691;0.0765249;0.466144
4.18697;-0.264077;37.0403;-0.000514653;2.06301;0.0507625;0.0761668;0.492688
4.20681;-0.261344;36.282;-0.000365553;1.95441;0.0494768;0.0741384;0.464566
4.22665;-0.260705;36.136;-0.000146669;1.85217;0.0480275;0.074827;0.438208
4.24649;-0.259172;35.7166;0.000482062;1.88114;0.0484543;0.0735119;0.442959
4.26633;-0.258705;35.5926;-0.000936334;1.94418;0.0494824;0.0728201;0.455599
4.28617;-0.257982;35.4184;0.00214329;1.94819;0.0493011;0.0730739;0.453981
4.30601;-0.255502;34.7532;0.0016551;1.83649;0.0478021;0.0716848;0.426169
4.32585;-0.253633;34.2435;0.00170612;1.85356;0.0482575;0.0698281;0.428141
4.34569;-0.253433;34.1853;-0.00109088;1.78327;0.0468033;0.0688633;0.410212
4.36553;-0.249523;33.119;-0.00883062;1.45359;0.0430184;0.0651208;0.323824
4.38537;-0.250656;33.4497;0.0020697;1.82077;0.0477759;0.0666397;0.414693
4.40521;-0.247591;32.6927;-0.00110668;1.7724;0.0470641;0.0673207;0.4022
4.42505;-0.247218;32.5918;0.0023603;1.7637;0.0469931;0.0663955;0.397927
4.44489;-0.244194;31.8079;-0.00200607;1.77519;0.0470765;0.0646284;0.398914
4.46473;-0.245375;32.0318;0.0044201;1.39979;0.0420963;0.0604489;0.31128
4.48457;-0.241929;31.2288;0.000277913;1.68105;0.0458969;0.062726;0.374844
4.50441;-0.241444;31.107;-0.0032417;1.67504;0.046019;0.0620981;0.370671
4.52425;-0.240777;30.9961;-0.000388662;1.72814;0.0462504;0.0641842;0.381956
4.54409;-0.238478;30.3635;-0.00256497;1.61762;0.0447997;0.0603012;0.355242
4.56393;-0.238846;30.4942;-0.000916303;1.6078;0.0447676;0.061739;0.352189
4.58377;-0.237213;30.0708;-0.000813634;1.72354;0.0459537;0.0599947;0.375935
4.60361;-0.236211;29.8282;0.00170914;1.69322;0.0460389;0.0594943;0.367479
4.62345;-0.234601;29.4866;0.00232911;1.52578;0.0436368;0.0611599;0.329408
4.64329;-0.234573;29.4071;0.00237515;1.65208;0.0453946;0.0572571;0.355177
4.66313;-0.231098;28.5894;-0.00380432;1.41783;0.042189;0.0572762;0.302461
4.68297;-0.231224;28.6175;0.000459306;1.46588;0.0426112;0.0567147;0.313
4.70281;-0.229077;28.1481;-0.00151239;1.56932;0.0442548;0.057888;0.33345
4.72265;-0.228933;28.0713;0.00327414;1.58305;0.0444413;0.0554717;0.334042
4.74248;-0.227507;27.7324;-0.000346081;1.53954;0.0437457;0.0547601;0.324614
4.76232;-0.226806;27.6102;-0.000156887;1.51542;0.043417;0.0561073;0.318207
4.78216;-0.225991;27.3783;-0.000465484;1.63613;0.0452314;0.0537668;0.342108
4.802;-0.223802;26.8388;0.00212987;1.61411;0.0447058;0.0517792;0.335649
4.82184;-0.223339;26.7975;0.000634238;1.52508;0.0433389;0.0541345;0.316242
4.84168;-0.225696;27.2218;-0.00387771;1.69904;0.0478458;0.0486864;0.349328
4.86152;-0.221088;26.2716;0.0023818;1.55077;0.0438781;0.0526791;0.318392
4.88136;-0.221502;26.3646;0.00120894;1.56759;0.0442679;0.052221;0.320984
4.9012;-0.217967;25.5608;0.00112444;1.40048;0.0418662;0.0514436;0.285611
4.92104;-0.218232;25.6059;-0.000290494;1.51436;0.0434577;0.0504575;0.307723
4.94088;-0.216717;25.3023;0.000758684;1.45285;0.0423166;0.0514347;0.293987
4.96072;-0.216521;25.2226;-0.00338052;1.44831;0.0423381;0.0495534;0.290775
4.98056;-0.214332;24.7232;0.00393312;1.40261;0.0416015;0.0484854;0.280028
5.0004;-0.213793;24.6365;0.000812656;1.42128;0.0421127;0.0493622;0.284166
5.02024;-0.213089;24.4633;-6.69437e-05;1.32098;0.0403363;0.0482083;0.26313
5.04008;-0.212333;24.2973;-0.000597737;1.41406;0.042189;0.0477744;0.280527
5.05992;-0.211277;24.0389;0.00261602;1.38295;0.0416227;0.0462572;0.272623
5.07976;-0.210129;23.8241;0.00267076;1.40219;0.0419124;0.047169;0.275317
5.0996;-0.208535;23.5129;0.000328166;1.43178;0.0422672;0.0479732;0.280752
5.11944;-0.208894;23.5446;0.00106372;1.28966;0.0399115;0.0458858;0.251801
5.13928;-0.20824;23.4052;0.00123381;1.31344;0.0406835;0.045543;0.255417
5.15912;-0.205484;22.8048;0.0115898;1.12029;0.0376546;0.044567;0.203817
5.17896;-0.206761;23.1247;0.000832078;1.34284;0.040967;0.0461064;0.259219
5.1988;-0.20541;22.8235;-0.00180125;1.37057;0.0413008;0.0451593;0.263313
5.21864;-0.201993;22.0523;-0.000854253;1.32462;0.0403178;0.0426677;0.253753
5.23848;-0.202009;22.1055;-0.000880581;1.2771;0.040007;0.0441631;0.243717
5.25832;-0.202284;22.1547;-0.00235048;1.35936;0.0411713;0.0435532;0.257979
5.27816;-0.201793;22.0439;-0.00140547;1.26723;0.039778;0.0428924;0.239897
5.298;-0.2003;21.7409;-0.00163121;1.32787;0.0408839;0.0427263;0.25038
5.31784;-0.200648;21.7687;0.00577495;1.46498;0.0435206;0.0408725;0.272274
5.33768;-0.200145;21.699;0.00318056;1.23324;0.0392818;0.041739;0.230074
5.35752;-0.197493;21.1661;0.00133669;1.29637;0.0401703;0.0416779;0.241801
5.37735;-0.197469;21.1312;-0.00111079;1.27356;0.0398784;0.0403327;0.236721
5.39719;-0.196029;20.846;-0.000297191;1.2371;0.0392474;0.0402017;0.229204
5.41703;-0.195707;20.7955;0.00187007;1.31326;0.0403821;0.0403937;0.242102
5.43687;-0.195127;20.6744;-0.00267332;1.32021;0.0403163;0.0399248;0.242152
5.45671;-0.19371;20.3851;-0.00229378;1.21112;0.0388702;0.0393952;0.221456
5.47655;-0.193403;20.3149;-0.00103019;1.27841;0.0398005;0.0387963;0.233334
5.49639;-0.191351;19.9179;0.00210629;1.23768;0.0393188;0.0387567;0.224767
5.51623;-0.191656;20.0149;0.000697178;1.25219;0.0395223;0.0397003;0.226955
5.53607;-0.191327;19.916;-0.0002655;1.2653;0.0394881;0.0382966;0.228549
5.55591;-0.191153;19.8634;0.00267596;1.30517;0.040218;0.037419;0.234255
5.57575;-0.188526;19.3793;0.00118713;1.16907;0.0380542;0.0380082;0.209542
5.59559;-0.188694;19.3887;-0.00241875;1.24047;0.0392769;0.0370088;0.221152
5.61543;-0.187787;19.1375;-0.00382651;1.18863;0.0385089;0.034323;0.210336
5.63527;-0.187053;19.0946;0.000637084;1.2489;0.039425;0.0371667;0.221585
5.65511;-0.186981;19.0716;0.00179772;1.2128;0.0389023;0.0366194;0.214168
5.67495;-0.186708;19.0155;-0.000334709;1.25992;0.0396722;0.0362435;0.222005
5.69479;-0.186112;18.9208;-0.000218997;1.20347;0.0390463;0.0365801;0.211323
5.71463;-0.184159;18.5647;-0.000110744;1.21734;0.0387305;0.036758;0.21302
5.73447;-0.183711;18.454;-0.0026964;1.2398;0.0392856;0.035705;0.215552
5.75431;-0.182419;18.1806;-0.00139079;1.2257;0.0386124;0.0345186;0.212834
5.77415;-0.18245;18.1994;-0.00105963;1.14735;0.0376453;0.0346694;0.198604
5.79399;-0.181476;18.0307;-0.000909187;1.15364;0.0378968;0.0348138;0.199037
5.81383;-0.18057;17.8488;-0.000116734;1.16968;0.0380198;0.0341627;0.201188
5.83367;-0.180113;17.7583;0.000508847;1.20835;0.0387864;0.0337519;0.20711
5.85351;-0.179352;17.6275;-0.000321069;1.14418;0.0377946;0.0337945;0.19546
5.87335;-0.179014;17.5779;-0.00153824;1.18699;0.0384384;0.0339243;0.201892
5.89319;-0.177725;17.3187;-0.000545053;1.17862;0.0384701;0.033014;0.199971
5.91303;-0.178317;17.4622;0.000806037;1.14216;0.0377455;0.0338088;0.193103
5.93287;-0.177824;17.3541;0.00118039;1.16299;0.0379933;0.0330689;0.195905
5.95271;-0.175078;16.8229;0.000717022;1.16706;0.0382461;0.0318579;0.196011
5.97255;-0.176688;17.1723;0.00117198;1.24324;0.0388763;0.0333137;0.208042
5.99238;-0.174858;16.8236;-0.00165956;1.16251;0.037937;0.0325564;0.193763
6.01222;-0.173342;16.5333;0.000391187;1.12404;0.0371633;0.0317857;0.186945
6.03206;-0.174784;16.7727;0.00146753;1.13947;0.0379259;0.0310938;0.188719
6.0519;-0.17258;16.3959;0.000204244;1.15492;0.0378976;0.0313022;0.190833
6.07174;-0.171996;16.2962;-0.000808034;1.14236;0.0376142;0.0311898;0.188089
6.09158;-0.171423;16.201;-0.0012717;1.1574;0.0377924;0.0311368;0.189864
6.11142;-0.169565;15.876;0.000717769;1.0821;0.0367642;0.0309215;0.177019
6.13126;-0.169983;15.9421;-0.000313834;1.11788;0.0372162;0.030543;0.182317
6.1511;-0.170609;16.036;-0.00133798;1.08026;0.0368343;0.0299425;0.175472
6.17094;-0.169639;15.8854;-0.000261178;1.09575;0.0368643;0.0302362;0.17756
6.19078;-0.167959;15.5931;0.00021705;1.10545;0.0371222;0.0299939;0.178559
6.21062;-0.167974;15.6024;0.000935678;1.11839;0.0373857;0.0299749;0.180004
6.23046;-0.167315;15.4579;0.000803369;1.07902;0.0367634;0.0289778;0.173131
6.2503;-0.166891;15.3855;0.00266469;1.13581;0.0373612;0.0287956;0.18114
6.27014;-0.166012;15.2801;0.0028051;1.00079;0.0353593;0.029744;0.158969
6.28998;-0.165206;15.0993;0.000127859;1.0671;0.0364621;0.0284438;0.16965
6.30982;-0.164868;15.0261;-0.000694241;1.07419;0.0365661;0.0278599;0.170202
6.32966;-0.165204;15.1106;-0.00169049;1.03894;0.0358981;0.0283754;0.163907
6.3495;-0.163943;14.9102;-0.00106646;1.0645;0.0362972;0.0285019;0.167559
6.36934;-0.164762;14.9939;0.00155348;1.06604;0.0364152;0.0269893;0.167177
6.38918;-0.163274;14.8056;-0.000753375;1.06967;0.0364525;0.0283322;0.167373
6.40902;-0.162746;14.7201;0.000374587;1.04033;0.0361189;0.0282198;0.162312
6.42886;-0.161155;14.4229;-0.00172027;1.0689;0.0364768;0.0272393;0.16603
6.4487;-0.162143;14.5887;-0.00250424;1.09035;0.0367915;0.0271227;0.168583
6.46854;-0.166032;15.2208;0.00048651;1.09962;0.0370511;0.0264472;0.169977
6.48838;-0.160684;14.3505;-0.000910281;1.05133;0.0360675;0.0268637;0.161967
6.50822;-0.158856;14.0398;0.00204409;1.03456;0.0357521;0.0264251;0.158633
6.52806;-0.159294;14.1133;-0.000813581;1.02708;0.0356878;0.0263187;0.157281
6.5479;-0.159303;14.0904;8.78969e-05;1.03393;0.0358365;0.0255905;0.157902
6.56774;-0.157962;13.8978;0.00123028;1.03413;0.0359975;0.0260186;0.157337
6.58758;-0.157564;13.8353;-0.000875881;1.0363;0.0357279;0.0259038;0.157252
6.60741;-0.156881;13.7293;0.000981819;1.07689;0.036623;0.0258389;0.162908
6.62725;-0.156538;13.6468;0.000350662;1.03617;0.0358925;0.0250607;0.15634
6.64709;-0.15618;13.5948;-0.000812209;1.00438;0.0354908;0.0250313;0.15105
6.66693;-0.154381;13.3019;0.00113882;0.984077;0.0350908;0.0247268;0.147506
6.68677;-0.155169;13.4425;-0.00140446;1.01778;0.0355958;0.0249332;0.152056
6.70661;-0.155045;13.4109;0.000661606;1.00895;0.0353571;0.0245227;0.150408
6.72645;-0.153983;13.2777;0.00111005;1.01064;0.0353424;0.0251486;0.150154
6.74629;-0.154469;13.3302;-0.000514216;0.99963;0.0353266;0.0244674;0.148155
6.76613;-0.154139;13.2839;0.0013471;0.995671;0.0352211;0.0244506;0.147018
6.78597;-0.152513;13.0233;-0.000438803;1.02355;0.0356675;0.024192;0.150819
6.80581;-0.151985;12.9322;0.00172814;1.06673;0.0365986;0.0238627;0.156514
6.82565;-0.15123;12.7925;0.00169795;1.01777;0.0355778;0.0232421;0.148894
6.84549;-0.152015;12.9306;-0.00161834;1.01725;0.0355221;0.0234529;0.148405
6.86533;-0.150791;12.7492;-0.000487272;1.02481;0.0356726;0.0234967;0.149256
6.88517;-0.149446;12.5559;-0.001579;0.987482;0.035043;0.0236419;0.143236
6.90501;-0.150138;12.6416;-0.000968872;1.02334;0.0356249;0.0230793;0.148133
6.92485;-0.149926;12.6198;0.000173356;0.989258;0.0350388;0.0231711;0.142854
6.94469;-0.14972;12.5731;-0.00184152;1.05195;0.0363031;0.0227281;0.151226
6.96453;-0.146026;12.1029;-0.00913927;0.956975;0.0345918;0.0244354;0.131266
6.98437;-0.149312;12.5221;-0.00174241;0.964978;0.0349008;0.0227034;0.13794
7.00421;-0.14752;12.2312;-0.00270743;0.971935;0.0348517;0.022198;0.138229
7.02405;-0.148532;12.4175;-0.000738428;0.985364;0.0350121;0.0227398;0.140245
7.04389;-0.147529;12.2409;0.000733787;1.01102;0.0353657;0.0221152;0.143493
7.06373;-0.145737;11.9576;0.000532784;0.939005;0.034209;0.0217055;0.132913
7.08357;-0.146947;12.1907;-0.000870628;1.00478;0.0352763;0.0226165;0.141792
7.10341;-0.145614;11.9419;-0.000735528;0.981233;0.0349677;0.021519;0.138097
7.12325;-0.14546;11.9613;-6.00656e-05;1.01855;0.0356426;0.0222322;0.14299
7.14309;-0.144462;11.8007;0.00156791;1.02293;0.035501;0.0218663;0.143029
7.16293;-0.144105;11.718;-0.00107573;0.945775;0.0344047;0.0211609;0.131955
7.18277;-0.144028;11.7119;0.000614425;0.981289;0.0351347;0.0211444;0.13659
7.20261;-0.143411;11.6766;-0.00178416;0.97458;0.0347222;0.0220997;0.135083
7.22244;-0.143323;11.6052;0.00108259;0.945264;0.0342817;0.0208584;0.130796
7.24228;-0.141875;11.3948;0.00129335;0.984301;0.0350708;0.0207618;0.135792
7.26212;-0.141517;11.3428;0.000669681;0.983586;0.034956;0.0206476;0.135409
7.28196;-0.141909;11.4203;0.000682725;0.976579;0.0347351;0.0209245;0.134076
7.3018;-0.141827;11.4152;0.000386009;0.94803;0.0342909;0.0209406;0.129825
7.32164;-0.140734;11.2429;-0.000172859;0.958552;0.0345764;0.0205614;0.130918
7.34148;-0.141994;11.3991;-0.00134835;0.978639;0.0349765;0.019964;0.133176
7.36132;-0.139241;11.0202;0.000937766;0.928114;0.0339625;0.0201789;0.126019
7.38116;-0.140507;11.2073;-0.00104651;0.98596;0.0349775;0.0201775;0.133502
7.401;-0.141221;11.3069;0.00212875;0.940402;0.0342233;0.0200065;0.126751
7.42084;-0.139501;11.0472;-0.000443131;0.940261;0.0342265;0.0196739;0.126692
7.44068;-0.138136;10.8774;-0.000611822;0.93948;0.0342508;0.020006;0.126237
7.46052;-0.138812;11.0126;0.000549959;0.993742;0.0351392;0.0206055;0.133179
7.48036;-0.13806;10.8208;-0.00086125;0.947353;0.034385;0.0189743;0.126595
7.5002;-0.13717;10.7086;-0.00109634;0.902989;0.0335688;0.0191105;0.120313
7.52004;-0.137695;10.7952;1.90531e-05;0.973247;0.0347843;0.0192328;0.12942
7.53988;-0.135576;10.4941;0.000245859;0.93461;0.0342668;0.0190513;0.123951
7.55972;-0.134898;10.3955;-0.00137563;0.929379;0.0339608;0.0188692;0.12281
7.57956;-0.13601;10.5581;0.000331656;0.938822;0.0343053;0.0189169;0.123855
7.5994;-0.13622;10.6061;0.000164366;0.914151;0.0336575;0.0191438;0.120291
7.61924;-0.135526;10.4944;-0.00140829;0.93718;0.0342026;0.0187819;0.122869
7.63908;-0.134638;10.3907;-0.000713872;0.937242;0.0341374;0.0190123;0.122656
7.65892;-0.134153;10.2903;-0.000337091;0.893044;0.0333686;0.0183412;0.116594
7.67876;-0.133964;10.2735;0.000447569;0.908802;0.0337634;0.0184008;0.118339
7.6986;-0.132446;10.0534;2.43531e-05;0.885247;0.0333243;0.0180872;0.114988
7.71844;-0.133368;10.1895;0.00173477;0.914308;0.0336746;0.0181719;0.118258
7.73828;-0.13237;10.033;0.000634756;0.893613;0.0334137;0.0177322;0.115453
7.75812;-0.132496;10.0708;-0.00117361;0.915581;0.0338012;0.0179844;0.117925
7.77796;-0.133319;10.199;-0.00102222;0.921666;0.0338459;0.0181614;0.118428
7.7978;-0.130844;9.87199;0.00242652;0.897265;0.0334168;0.0181966;0.11468
7.81764;-0.131922;9.98457;-0.000335924;0.912884;0.0335985;0.0175748;0.116765
7.83747;-0.131006;9.89314;0.000169316;0.892819;0.0332498;0.0180034;0.113915
7.85731;-0.130764;9.83516;-0.00036395;0.908123;0.0335335;0.0174986;0.115568
7.87715;-0.130749;9.80805;0.000434172;0.897294;0.0335617;0.0170064;0.113899
7.89699;-0.130562;9.8;-0.000417275;0.901957;0.0334753;0.0171926;0.114204
7.91683;-0.12956;9.70314;-0.000266997;0.913911;0.0337913;0.0176917;0.115434
7.93667;-0.128582;9.54383;0.000998119;0.899422;0.033313;0.0171255;0.113261
7.95651;-0.128501;9.53224;0.00116086;0.900291;0.0334299;0.017026;0.113065
7.97635;-0.128492;9.52328;0.00237859;0.903089;0.0334915;0.0168184;0.112858
7.99619;-0.128841;9.56342;-0.000275278;0.882612;0.0330884;0.0166446;0.110374
8.01603;-0.128759;9.58025;0.00138369;0.930129;0.0340401;0.0169931;0.115911
8.03587;-0.128325;9.48477;-0.000203781;0.895665;0.0332278;0.0163154;0.111456
8.05571;-0.127839;9.44605;0.000769938;0.891004;0.0333682;0.0166203;0.110568
8.07555;-0.127352;9.40344;-1.79687e-05;0.924568;0.0338612;0.016861;0.11449
8.09539;-0.126618;9.27713;-0.000294544;0.892786;0.0333456;0.0163066;0.110278
8.11523;-0.127541;9.41914;-0.00114337;0.896408;0.0333995;0.0165605;0.110378
8.13507;-0.125673;9.15436;-0.000989775;0.869055;0.0328796;0.0161372;0.106767
8.15491;-0.126301;9.25528;0.00110797;0.883778;0.0331124;0.0163584;0.108297
8.17475;-0.12546;9.14066;0.00157604;0.916607;0.033681;0.0161864;0.111971
8.19459;-0.125032;9.09157;-0.000800578;0.865994;0.0329094;0.0161944;0.105639
8.21443;-0.125371;9.13888;0.000329341;0.883753;0.0331337;0.0161729;0.107579
8.23427;-0.125307;9.10518;-0.000232428;0.863435;0.0327055;0.0157193;0.104855
8.25411;-0.123686;8.91683;0.00108101;0.875867;0.0328635;0.0159123;0.10604
8.27395;-0.123774;8.90521;0.00140807;0.879045;0.0329282;0.0155041;0.10612
8.29379;-0.124287;8.95822;-0.000860247;0.849657;0.0325157;0.0152535;0.102399
8.31363;-0.123247;8.83656;0.000803644;0.86769;0.0328267;0.0153281;0.10433
8.33347;-0.122676;8.77482;0.000550237;0.86353;0.0328222;0.0154009;0.103603
8.35331;-0.122969;8.79986;0.000161097;0.870657;0.0329401;0.0151591;0.104227
8.37315;-0.123067;8.82565;-0.000385134;0.917761;0.033884;0.0152788;0.109599
8.39299;-0.122325;8.7404;-0.000384953;0.841396;0.0323165;0.015319;0.100241
8.41283;-0.119456;8.3259;0.00473729;0.826898;0.0322586;0.0144085;0.0969243
8.43267;-0.124171;9.05585;-0.00252698;0.903791;0.0335036;0.016336;0.10679
8.45251;-0.121571;8.65115;0.00138174;0.853688;0.0324801;0.0151727;0.100883
8.47234;-0.121537;8.63255;-0.000598574;0.892576;0.0332547;0.0149012;0.10533
8.49218;-0.1206;8.52125;-0.000665003;0.875936;0.0329389;0.0149007;0.103119
8.51202;-0.120276;8.48001;0.000679492;0.88687;0.033088;0.014812;0.104162
8.53186;-0.119849;8.40879;-6.9375e-07;0.860499;0.0327103;0.014486;0.100857
8.5517;-0.120942;8.57164;0.000242878;0.881897;0.0332104;0.0148035;0.103122
8.57154;-0.119455;8.37883;0.000540028;0.830078;0.0321127;0.0146031;0.0968237
8.59138;-0.119518;8.38688;-0.000866162;0.893208;0.0334415;0.0145394;0.103921
8.61122;-0.119317;8.37372;-0.000936875;0.855917;0.0327749;0.014627;0.0993434
8.63106;-0.118311;8.26741;0.00125543;0.858408;0.0325703;0.0147749;0.0993621
8.6509;-0.118013;8.20111;-0.000144238;0.84374;0.0324526;0.0143044;0.0975308
8.67074;-0.117842;8.19708;0.00037615;0.856284;0.0326465;0.0144584;0.0987472
8.69058;-0.118211;8.20548;0.000306078;0.834278;0.0322117;0.0139145;0.0959925
8.71042;-0.119098;8.32134;-1.5175e-05;0.80746;0.0317819;0.0139567;0.0927004
8.73026;-0.117107;8.08669;0.000194197;0.85072;0.0326139;0.0139746;0.0974427
8.7501;-0.117271;8.12382;0.000535494;0.819814;0.0319199;0.0141384;0.0936752
8.76994;-0.116603;8.01605;5.01312e-05;0.840136;0.0322979;0.0137144;0.0957971
8.78978;-0.117301;8.09668;-0.000305656;0.803008;0.0316641;0.0136133;0.0913516
8.80962;-0.116865;8.0673;-0.00130107;0.827636;0.032167;0.0138473;0.0938484
8.82946;-0.11423;7.74492;0.000561944;0.812503;0.0316691;0.01365;0.0920035
8.8493;-0.115841;7.94307;-0.000733275;0.881042;0.0330183;0.0136945;0.0995295
8.86914;-0.115644;7.92136;-0.000240272;0.842458;0.03232;0.0136552;0.0949842
8.88898;-0.114908;7.81918;0.000289472;0.817542;0.0318386;0.0133999;0.0919677
8.90882;-0.114567;7.7821;1.54906e-05;0.857609;0.0326555;0.0133782;0.0962652
8.92866;-0.11383;7.70494;0.000234684;0.812015;0.0318046;0.013432;0.0909417
8.9485;-0.113918;7.70132;0.000241303;0.817276;0.0319528;0.0131991;0.0913278
8.96834;-0.113275;7.62849;0.000955219;0.803484;0.0317764;0.0131658;0.0895391
8.98818;-0.113105;7.62028;-0.000914219;0.806911;0.031765;0.013249;0.0897272
9.00802;-0.113413;7.66376;-0.000818081;0.809514;0.0317725;0.0132864;0.0898279
9.02786;-0.113621;7.68128;0.000468487;0.845526;0.0324576;0.0131468;0.093645
9.0477;-0.113552;7.6791;-3.27125e-05;0.833636;0.0321578;0.0131606;0.0921379
9.06754;-0.111813;7.45862;0.000567656;0.812277;0.0318338;0.0128616;0.0895626
9.08737;-0.112348;7.5119;0.000520603;0.851628;0.0324507;0.012707;0.0937003
9.10721;-0.111583;7.42898;-1.6025e-05;0.833456;0.0321666;0.0127101;0.091516
9.12705;-0.112185;7.50465;-5.89813e-05;0.815288;0.0317728;0.0127349;0.0893263
9.14689;-0.112418;7.61058;-0.00119536;0.818087;0.0317502;0.0136265;0.0893588
9.16673;-0.111941;7.47514;-0.001324;0.81784;0.0319435;0.0126079;0.0891203
9.18657;-0.111341;7.40903;0.00107699;0.823837;0.0319569;0.0125828;0.0896137
9.20641;-0.111196;7.40313;0.000754781;0.815987;0.0319574;0.0126538;0.0886008
9.22625;-0.111523;7.4212;0.00118663;0.849349;0.0324897;0.0123738;0.0919797
9.24609;-0.110213;7.28376;0.000198087;0.83666;0.0323634;0.0124527;0.0904858
9.26593;-0.109898;7.24475;-0.000477753;0.82746;0.0319978;0.0123577;0.0892887
9.28577;-0.111073;7.39242;0.00111262;0.825484;0.0320196;0.0124767;0.0888295
9.30561;-0.109615;7.23956;-0.000346372;0.831177;0.0322013;0.0125599;0.0893134
9.32545;-0.109871;7.22574;0.000672478;0.817542;0.0318606;0.0120168;0.087643
9.34529;-0.109159;7.17719;0.000738609;0.803674;0.0316119;0.0123244;0.0859679
9.36513;-0.108308;7.05118;0.000240106;0.830373;0.0321515;0.0119158;0.0886633
9.38497;-0.108022;7.02729;0.000149347;0.846091;0.0323875;0.0119543;0.0901526
9.40481;-0.108584;7.09419;-0.00037815;0.817216;0.0318436;0.011956;0.0868857
9.42465;-0.107997;7.04437;-0.000936278;0.811947;0.031772;0.0120769;0.0861038
9.44449;-0.108085;7.03777;0.000521453;0.794451;0.0314456;0.0118434;0.0841032
9.46433;-0.107968;7.04723;-0.000319281;0.824968;0.032057;0.0120439;0.0871605
9.48417;-0.107587;6.98648;-0.00100425;0.815336;0.0319057;0.0117851;0.0859137
9.50401;-0.106185;6.83205;0.000369631;0.820287;0.0318575;0.0117259;0.0863023
9.52385;-0.106066;6.81744;7.28844e-05;0.792694;0.0312731;0.0116587;0.0832323
9.54369;-0.107007;6.91929;0.00118527;0.803484;0.0316276;0.0116012;0.0841147
9.56353;-0.105945;6.79388;8.07187e-06;0.803111;0.0317026;0.0114474;0.0839765
9.58337;-0.106369;6.84881;-0.000595003;0.818641;0.031977;0.0114961;0.0854041
9.60321;-0.105914;6.80542;0.000789447;0.78136;0.0311828;0.0115145;0.0813313
9.62305;-0.105906;6.80612;0.000959503;0.818543;0.031914;0.011484;0.0850117
9.64289;-0.105177;6.69418;-0.000218122;0.789315;0.031292;0.0110804;0.0818521
9.66273;-0.10566;6.7887;0.00133241;0.799216;0.0314036;0.0114897;0.0826172
9.68257;-0.105676;6.76962;-0.000313841;0.791404;0.0313781;0.0112201;0.0817297
9.7024;-0.104864;6.67346;-0.000683144;0.766838;0.0309352;0.0110829;0.0790113
9.72224;-0.104569;6.66001;0.000412109;0.791073;0.0314485;0.0112302;0.0813584
9.74208;-0.105579;6.73347;6.09433e-05;0.808791;0.0316789;0.0108135;0.0830202
9.76192;-0.103533;6.5263;0.00110026;0.781605;0.0311437;0.0108937;0.0800032
9.78176;-0.103841;6.58597;-9.39687e-05;0.797024;0.0315481;0.0111315;0.0814802
9.8016;-0.104383;6.64349;-8.05406e-05;0.805576;0.0316693;0.0110838;0.0821878
9.82144;-0.103227;6.51035;-0.000378759;0.824422;0.0319613;0.0109322;0.0839335
9.84128;-0.104207;6.59605;0.000579159;0.776318;0.0310046;0.0106993;0.0788663
9.86112;-0.103323;6.53011;0.000738216;0.793412;0.0314933;0.0109434;0.0804303
9.88096;-0.101777;6.35426;-0.000234506;0.786926;0.031144;0.0107618;0.0796378
9.9008;-0.1026;6.42247;-0.000281191;0.8148;0.0317155;0.0105356;0.0822923
9.92064;-0.103441;6.53734;0.0013964;0.797637;0.0315179;0.0107598;0.0803012
9.94048;-0.101176;6.28465;2.40312e-05;0.779261;0.0310895;0.0105601;0.0783926
9.96032;-0.102894;6.47581;-0.000366234;0.827038;0.0320209;0.0106361;0.0830264
9.98016;-0.102222;6.40923;-0.000207997;0.789016;0.0313218;0.0106342;0.0790562
10;-0.102268;6.43694;0.000283125;0.763997;0.0307863;0.0108203;0.0763956
